<?xml version="1.0" encoding="ISO-8859-1"?>
<adempiereAD Name="LCO_RetencionesFK" Version="1.1" CompVer="all" DataBase="1.1" Description="Localization for Colombian Taxes - Creation of Foreign Keys" creator="info@globalqss.com" creatorcontact="info@globalqss.com" createddate="2007-05-09 06:28:47.0" updateddate="2007-09-05 00:44:27.0" PackOutVer="005">
	<!-- create foreign keys Oracle -->
	<SQLStatement DBType="Oracle" statement="ALTER TABLE AD_OrgInfo ADD (CONSTRAINT LCOISIC_ADOrgInfo FOREIGN KEY (LCO_ISIC_ID) REFERENCES LCO_ISIC);"/>
	<SQLStatement DBType="Oracle" statement="ALTER TABLE AD_OrgInfo ADD (CONSTRAINT LCOTaxPayerType_ADOrgInfo FOREIGN KEY (LCO_TaxPayerType_ID) REFERENCES LCO_TaxPayerType);"/>
	<SQLStatement DBType="Oracle" statement="ALTER TABLE C_BPartner ADD (CONSTRAINT LCOISIC_CBPartner FOREIGN KEY (LCO_ISIC_ID) REFERENCES LCO_ISIC);"/>
	<SQLStatement DBType="Oracle" statement="ALTER TABLE C_BPartner ADD (CONSTRAINT LCOTaxPayerType_CBPartner FOREIGN KEY (LCO_TaxPayerType_ID) REFERENCES LCO_TaxPayerType);"/>
	<SQLStatement DBType="Oracle" statement="ALTER TABLE C_BPartner ADD (CONSTRAINT LCOTaxIDType_CBPartner FOREIGN KEY (LCO_TaxIdType_ID) REFERENCES LCO_TaxIDType);"/>
	<SQLStatement DBType="Oracle" statement="ALTER TABLE C_Charge ADD (CONSTRAINT LCOWithholdingCategory_CCharge FOREIGN KEY (LCO_WithholdingCategory_ID) REFERENCES LCO_WithholdingCategory);"/>
	<SQLStatement DBType="Oracle" statement="ALTER TABLE LCO_InvoiceWithholding ADD (CONSTRAINT CAllocationLine_LCOInvoiceWith FOREIGN KEY (C_AllocationLine_ID) REFERENCES C_AllocationLine);"/>
	<SQLStatement DBType="Oracle" statement="ALTER TABLE LCO_InvoiceWithholding ADD (CONSTRAINT CInvoice_LCOInvoiceWithholding FOREIGN KEY (C_Invoice_ID) REFERENCES C_Invoice);"/>
	<SQLStatement DBType="Oracle" statement="ALTER TABLE LCO_InvoiceWithholding ADD (CONSTRAINT CTax_LCOInvoiceWithholding FOREIGN KEY (C_Tax_ID) REFERENCES C_Tax);"/>
	<SQLStatement DBType="Oracle" statement="ALTER TABLE LCO_InvoiceWithholding ADD (CONSTRAINT LCOWithholdingRule_LCOInvoiceW FOREIGN KEY (LCO_WithholdingRule_ID) REFERENCES LCO_WithholdingRule);"/>
	<SQLStatement DBType="Oracle" statement="ALTER TABLE LCO_InvoiceWithholding ADD (CONSTRAINT LCOWithholdingType_LCOInvoiceW FOREIGN KEY (LCO_WithholdingType_ID) REFERENCES LCO_WithholdingType);"/>
	<SQLStatement DBType="Oracle" statement="ALTER TABLE LCO_WithholdingCalc ADD (CONSTRAINT CBaseTax_LCOWithholdingCalc FOREIGN KEY (C_BaseTax_ID) REFERENCES C_Tax);"/>
	<SQLStatement DBType="Oracle" statement="ALTER TABLE LCO_WithholdingCalc ADD (CONSTRAINT CTax_LCOWithholdingCalc FOREIGN KEY (C_Tax_ID) REFERENCES C_Tax);"/>
	<SQLStatement DBType="Oracle" statement="ALTER TABLE LCO_WithholdingCalc ADD (CONSTRAINT LCOWithholdingType_LCOWHCalc FOREIGN KEY (LCO_WithholdingType_ID) REFERENCES LCO_WithholdingType);"/>
	<SQLStatement DBType="Oracle" statement="ALTER TABLE LCO_WithholdingRule ADD (CONSTRAINT CTaxCategory_LCOWithholdingRul FOREIGN KEY (C_TaxCategory_ID) REFERENCES C_TaxCategory);"/>
	<SQLStatement DBType="Oracle" statement="ALTER TABLE LCO_WithholdingRule ADD (CONSTRAINT LCOBPISIC_LCOWithholdingRule FOREIGN KEY (LCO_BP_ISIC_ID) REFERENCES LCO_ISIC);"/>
	<SQLStatement DBType="Oracle" statement="ALTER TABLE LCO_WithholdingRule ADD (CONSTRAINT LCOOrgISIC_LCOWithholdingRule FOREIGN KEY (LCO_Org_ISIC_ID) REFERENCES LCO_ISIC);"/>
	<SQLStatement DBType="Oracle" statement="ALTER TABLE LCO_WithholdingRule ADD (CONSTRAINT LCOBPCity_LCOWithholdingRule FOREIGN KEY (LCO_BP_City_ID) REFERENCES C_City);"/>
	<SQLStatement DBType="Oracle" statement="ALTER TABLE LCO_WithholdingRule ADD (CONSTRAINT LCOOrgCity_LCOWithholdingRule FOREIGN KEY (LCO_Org_City_ID) REFERENCES C_City);"/>
	<SQLStatement DBType="Oracle" statement="ALTER TABLE LCO_WithholdingRule ADD (CONSTRAINT LCOBPTaxPayerType_LCOWithholdi FOREIGN KEY (LCO_BP_TaxPayerType_ID) REFERENCES LCO_TaxPayerType);"/>
	<SQLStatement DBType="Oracle" statement="ALTER TABLE LCO_WithholdingRule ADD (CONSTRAINT LCOOrgTaxPayerType_LCOWithhold FOREIGN KEY (LCO_Org_TaxPayerType_ID) REFERENCES LCO_TaxPayerType);"/>
	<SQLStatement DBType="Oracle" statement="ALTER TABLE LCO_WithholdingRule ADD (CONSTRAINT LCOWithholdingCalc_LCOWithhold FOREIGN KEY (LCO_WithholdingCalc_ID) REFERENCES LCO_WithholdingCalc);"/>
	<SQLStatement DBType="Oracle" statement="ALTER TABLE LCO_WithholdingRule ADD (CONSTRAINT LCOWithholdingCategory_LCOWith FOREIGN KEY (LCO_WithholdingCategory_ID) REFERENCES LCO_WithholdingCategory);"/>
	<SQLStatement DBType="Oracle" statement="ALTER TABLE LCO_WithholdingRule ADD (CONSTRAINT LCOWithholdingType_LCOWHRule FOREIGN KEY (LCO_WithholdingType_ID) REFERENCES LCO_WithholdingType);"/>
	<SQLStatement DBType="Oracle" statement="ALTER TABLE LCO_WithholdingRuleConf ADD (CONSTRAINT LCOWithholdingType_LCOWHRC FOREIGN KEY (LCO_WithholdingType_ID) REFERENCES LCO_WithholdingType);"/>
	<SQLStatement DBType="Oracle" statement="ALTER TABLE M_Product ADD (CONSTRAINT LCOWithholdingCategory_MProduc FOREIGN KEY (LCO_WithholdingCategory_ID) REFERENCES LCO_WithholdingCategory);"/>
	<!-- create foreign keys PostgreSQL -->
	<SQLStatement DBType="PostgreSQL" statement="ALTER TABLE AD_OrgInfo ADD CONSTRAINT LCOISIC_ADOrgInfo FOREIGN KEY (LCO_ISIC_ID) REFERENCES LCO_ISIC; COMMIT;"/>
	<SQLStatement DBType="PostgreSQL" statement="ALTER TABLE AD_OrgInfo ADD CONSTRAINT LCOTaxPayerType_ADOrgInfo FOREIGN KEY (LCO_TaxPayerType_ID) REFERENCES LCO_TaxPayerType; COMMIT;"/>
	<SQLStatement DBType="PostgreSQL" statement="ALTER TABLE C_BPartner ADD CONSTRAINT LCOISIC_CBPartner FOREIGN KEY (LCO_ISIC_ID) REFERENCES LCO_ISIC; COMMIT;"/>
	<SQLStatement DBType="PostgreSQL" statement="ALTER TABLE C_BPartner ADD CONSTRAINT LCOTaxPayerType_CBPartner FOREIGN KEY (LCO_TaxPayerType_ID) REFERENCES LCO_TaxPayerType; COMMIT;"/>
	<SQLStatement DBType="PostgreSQL" statement="ALTER TABLE C_BPartner ADD CONSTRAINT LCOTaxIDType_CBPartner FOREIGN KEY (LCO_TaxIdType_ID) REFERENCES LCO_TaxIDType; COMMIT;"/>
	<SQLStatement DBType="PostgreSQL" statement="ALTER TABLE C_Charge ADD CONSTRAINT LCOWithholdingCategory_CCharge FOREIGN KEY (LCO_WithholdingCategory_ID) REFERENCES LCO_WithholdingCategory; COMMIT;"/>
	<SQLStatement DBType="PostgreSQL" statement="ALTER TABLE LCO_InvoiceWithholding ADD CONSTRAINT CAllocationLine_LCOInvoiceWith FOREIGN KEY (C_AllocationLine_ID) REFERENCES C_AllocationLine; COMMIT;"/>
	<SQLStatement DBType="PostgreSQL" statement="ALTER TABLE LCO_InvoiceWithholding ADD CONSTRAINT CInvoice_LCOInvoiceWithholding FOREIGN KEY (C_Invoice_ID) REFERENCES C_Invoice; COMMIT;"/>
	<SQLStatement DBType="PostgreSQL" statement="ALTER TABLE LCO_InvoiceWithholding ADD CONSTRAINT CTax_LCOInvoiceWithholding FOREIGN KEY (C_Tax_ID) REFERENCES C_Tax; COMMIT;"/>
	<SQLStatement DBType="PostgreSQL" statement="ALTER TABLE LCO_InvoiceWithholding ADD CONSTRAINT LCOWithholdingRule_LCOInvoiceW FOREIGN KEY (LCO_WithholdingRule_ID) REFERENCES LCO_WithholdingRule; COMMIT;"/>
	<SQLStatement DBType="PostgreSQL" statement="ALTER TABLE LCO_InvoiceWithholding ADD CONSTRAINT LCOWithholdingType_LCOInvoiceW FOREIGN KEY (LCO_WithholdingType_ID) REFERENCES LCO_WithholdingType; COMMIT;"/>
	<SQLStatement DBType="PostgreSQL" statement="ALTER TABLE LCO_WithholdingCalc ADD CONSTRAINT CBaseTax_LCOWithholdingCalc FOREIGN KEY (C_BaseTax_ID) REFERENCES C_Tax; COMMIT;"/>
	<SQLStatement DBType="PostgreSQL" statement="ALTER TABLE LCO_WithholdingCalc ADD CONSTRAINT CTax_LCOWithholdingCalc FOREIGN KEY (C_Tax_ID) REFERENCES C_Tax; COMMIT;"/>
	<SQLStatement DBType="PostgreSQL" statement="ALTER TABLE LCO_WithholdingCalc ADD CONSTRAINT LCOWithholdingType_LCOWHCalc FOREIGN KEY (LCO_WithholdingType_ID) REFERENCES LCO_WithholdingType; COMMIT;"/>
	<SQLStatement DBType="PostgreSQL" statement="ALTER TABLE LCO_WithholdingRule ADD CONSTRAINT CTaxCategory_LCOWithholdingRul FOREIGN KEY (C_TaxCategory_ID) REFERENCES C_TaxCategory; COMMIT;"/>
	<SQLStatement DBType="PostgreSQL" statement="ALTER TABLE LCO_WithholdingRule ADD CONSTRAINT LCOBPISIC_LCOWithholdingRule FOREIGN KEY (LCO_BP_ISIC_ID) REFERENCES LCO_ISIC; COMMIT;"/>
	<SQLStatement DBType="PostgreSQL" statement="ALTER TABLE LCO_WithholdingRule ADD CONSTRAINT LCOOrgISIC_LCOWithholdingRule FOREIGN KEY (LCO_Org_ISIC_ID) REFERENCES LCO_ISIC; COMMIT;"/>
	<SQLStatement DBType="PostgreSQL" statement="ALTER TABLE LCO_WithholdingRule ADD CONSTRAINT LCOBPCity_LCOWithholdingRule FOREIGN KEY (LCO_BP_City_ID) REFERENCES C_City; COMMIT;"/>
	<SQLStatement DBType="PostgreSQL" statement="ALTER TABLE LCO_WithholdingRule ADD CONSTRAINT LCOOrgCity_LCOWithholdingRule FOREIGN KEY (LCO_Org_City_ID) REFERENCES C_City; COMMIT;"/>
	<SQLStatement DBType="PostgreSQL" statement="ALTER TABLE LCO_WithholdingRule ADD CONSTRAINT LCOBPTaxPayerType_LCOWithholdi FOREIGN KEY (LCO_BP_TaxPayerType_ID) REFERENCES LCO_TaxPayerType; COMMIT;"/>
	<SQLStatement DBType="PostgreSQL" statement="ALTER TABLE LCO_WithholdingRule ADD CONSTRAINT LCOOrgTaxPayerType_LCOWithhold FOREIGN KEY (LCO_Org_TaxPayerType_ID) REFERENCES LCO_TaxPayerType; COMMIT;"/>
	<SQLStatement DBType="PostgreSQL" statement="ALTER TABLE LCO_WithholdingRule ADD CONSTRAINT LCOWithholdingCalc_LCOWithhold FOREIGN KEY (LCO_WithholdingCalc_ID) REFERENCES LCO_WithholdingCalc; COMMIT;"/>
	<SQLStatement DBType="PostgreSQL" statement="ALTER TABLE LCO_WithholdingRule ADD CONSTRAINT LCOWithholdingCategory_LCOWith FOREIGN KEY (LCO_WithholdingCategory_ID) REFERENCES LCO_WithholdingCategory; COMMIT;"/>
	<SQLStatement DBType="PostgreSQL" statement="ALTER TABLE LCO_WithholdingRule ADD CONSTRAINT LCOWithholdingType_LCOWHRule FOREIGN KEY (LCO_WithholdingType_ID) REFERENCES LCO_WithholdingType; COMMIT;"/>
	<SQLStatement DBType="PostgreSQL" statement="ALTER TABLE LCO_WithholdingRuleConf ADD CONSTRAINT LCOWithholdingType_LCOWHRC FOREIGN KEY (LCO_WithholdingType_ID) REFERENCES LCO_WithholdingType; COMMIT;"/>
	<SQLStatement DBType="PostgreSQL" statement="ALTER TABLE M_Product ADD CONSTRAINT LCOWithholdingCategory_MProduc FOREIGN KEY (LCO_WithholdingCategory_ID) REFERENCES LCO_WithholdingCategory; COMMIT;"/>
</adempiereAD>
